{"Mobile":{"t":3520,"r":80858879.03225806,"m":222159.04339308594,"d":1771845.588972116},"Enterprise Software":{"t":1881,"r":16680555.555555556,"m":239558.5219882126,"d":809342.8867254895},"Analytics":{"t":1251,"r":57666666.666666664,"m":251072.1145226503,"d":1755334.6434765097},"Health and Wellness":{"t":782,"r":30000000,"m":281634.7787085269,"d":1463711.902386925},"Software":{"t":5188,"r":25367647.05882353,"m":165487.3495115044,"d":681760.52646985},"Curated Web":{"t":2236,"r":16135714.285714285,"m":134972.09869051303,"d":665389.3896141001},"Cloud Computing":{"t":689,"r":8967465.454545455,"m":206600.5756073465,"d":548839.1281611511},"News":{"t":489,"r":6105263.157894737,"m":139062.40133675167,"d":414000.40032620885},"Design":{"t":342,"r":86852941.1764706,"m":366280.87978338735,"d":4713197.60203702},"Technology":{"t":623,"r":66000000,"m":478975.9512147756,"d":2931744.6801078743},"Social Media":{"t":1872,"r":18488372.093023255,"m":141445.26363618256,"d":807856.426505718},"Web Hosting":{"t":457,"r":12440617.97752809,"m":273052.61780923716,"d":949274.2385869893},"Internet":{"t":936,"r":42857142.85714286,"m":325736.27296753915,"d":1935436.5238113347},"Messaging":{"t":474,"r":20190119.04761905,"m":212404.5336257674,"d":1154792.455530976},"Content":{"t":355,"r":6022727.2727272725,"m":137482.92424976084,"d":475598.88114490267},"Search":{"t":629,"r":12312435.233160622,"m":167365.74096103472,"d":718035.3262890822},"Entertainment":{"t":414,"r":15824581.005586592,"m":232723.3244836532,"d":1042830.4825370854},"Music":{"t":510,"r":56868000,"m":327262.47762719623,"d":2999082.646708849},"E-Commerce":{"t":2479,"r":26408604.651162792,"m":273007.77830231015,"d":1384638.6120027783},"Social Network Media":{"t":549,"r":6000000,"m":89048.65682844455,"d":324926.69391648896},"Location Based Services":{"t":331,"r":2387500,"m":95979.92085711383,"d":258652.9349926649},"Video":{"t":650,"r":19704249.73664122,"m":198914.58653863042,"d":1016424.763234728},"Games":{"t":1317,"r":9733531.659090908,"m":154231.52809206367,"d":538239.0992589423},"Media":{"t":408,"r":15824581.005586592,"m":157904.73296485198,"d":826310.899401488},"Web Development":{"t":433,"r":57666666.666666664,"m":268918.77899420285,"d":2810983.8114442388},"Networking":{"t":546,"r":9837500.042553192,"m":183714.05046346632,"d":695217.2576554002},"Advertising":{"t":1799,"r":16014084.507042253,"m":165203.24645393342,"d":616087.2567366576},"Big Data":{"t":601,"r":57666666.666666664,"m":358368.1211156284,"d":2519634.80374065},"iPhone":{"t":446,"r":6053235.4754098365,"m":112082.53485488736,"d":372325.98019388085},"FinTech":{"t":422,"r":57666666.666666664,"m":556485.644334519,"d":3788390.1315347427},"Security":{"t":657,"r":6477272.7272727275,"m":229353.36233159763,"d":519975.71010649175},"Finance":{"t":992,"r":30000000,"m":309850.88556061866,"d":1300835.381262163},"Marketplaces":{"t":642,"r":50300000,"m":245463.50968267888,"d":2069367.2349758532},"Apps":{"t":885,"r":25367647.05882353,"m":222766.4236454993,"d":1321405.3440680683},"Fashion":{"t":583,"r":7437500,"m":223399.3380392133,"d":676582.1119394386},"Photography":{"t":386,"r":20190119.04761905,"m":240071.1279806016,"d":1378716.745150292},"Travel":{"t":578,"r":10597600,"m":181133.85894146728,"d":690717.9136258508},"Collaboration":{"t":316,"r":15452272.727272727,"m":193424.4176409634,"d":979054.371563573},"Events":{"t":317,"r":1868160.3773584906,"m":53479.28188650232,"d":179798.23025382086},"Real Estate":{"t":391,"r":6461607.142857143,"m":223373.62762528853,"d":690375.4420985318},"Information Technology":{"t":304,"r":40000000,"m":332049.03248407715,"d":2413493.9474863415},"Health Care":{"t":975,"r":40000000,"m":428955.7493585253,"d":1772597.628963251},"SaaS":{"t":1255,"r":8687494.448979592,"m":143786.46447460912,"d":448347.66548336827},"Sales and Marketing":{"t":544,"r":2086206.896551724,"m":113606.54597118536,"d":256810.67131028275},"Consulting":{"t":387,"r":2848421.052631579,"m":69771.58817484518,"d":189300.1791979099},"Digital Media":{"t":344,"r":5694345.744680851,"m":192564.54667454667,"d":515447.3575000653},"Education":{"t":1027,"r":15069767.441860465,"m":120248.70119201919,"d":555703.7359061097},"Android":{"t":475,"r":6053235.4754098365,"m":145069.55278938313,"d":462417.2093124923},"Hardware + Software":{"t":830,"r":12869565.217391305,"m":206857.7454715881,"d":648863.2044672213},"Semiconductors":{"t":346,"r":6363636.363636363,"m":285833.9557224149,"d":459526.4151604711},"Startups":{"t":414,"r":2907352.9411764704,"m":107809.24595565483,"d":287723.5118395687},"Sports":{"t":400,"r":7065217.391304348,"m":98886.71486883855,"d":414002.74030616094},"Hospitality":{"t":372,"r":29204858.80952381,"m":244349.95694927784,"d":1583592.6426694894},"EdTech":{"t":306,"r":3000000,"m":188771.05401021644,"d":412932.77057038696},"Biotechnology":{"t":1561,"r":44000000,"m":478585.5131104171,"d":1519069.155720012},"Clean Technology":{"t":748,"r":14705882.352941176,"m":486219.8385532308,"d":1313346.5735607909},"Manufacturing":{"t":387,"r":21182490.7972973,"m":259053.31652654745,"d":1242119.470789125},"Retail":{"t":385,"r":22499999.9,"m":317275.4599601261,"d":1512673.3220427723}}